6.51,7.07,ClassA
6.20,8.27,ClassB
3.36,1.01,ClassA
5.56,2.16,ClassB
0.42,4.64,ClassB
1.32,8.68,ClassB
9.22,1.83,ClassB
2.48,8.37,ClassB
4.29,8.92,ClassB
5.96,3.59,ClassB
4.50,8.99,ClassA
5.09,6.93,ClassA
3.62,0.16,ClassA
6.03,1.57,ClassA
7.91,2.65,ClassA
2.53,3.23,ClassB
7.06,9.23,ClassB
8.07,3.96,ClassA
1.38,0.60,ClassB
9.63,9.79,ClassB
2.51,0.08,ClassB
7.74,1.04,ClassA
0.55,0.13,ClassA
2.94,8.17,ClassB
7.74,4.36,ClassB
7.01,2.50,ClassA
6.55,1.42,ClassB
9.64,4.60,ClassA
3.75,2.24,ClassB
4.55,7.48,ClassA
7.94,3.16,ClassB
6.94,4.34,ClassB
6.11,6.93,ClassB
4.23,0.06,ClassA
2.16,0.45,ClassB
5.63,2.61,ClassA
8.37,1.90,ClassB
3.25,2.02,ClassA
6.89,2.28,ClassB
9.28,5.18,ClassB
3.64,8.19,ClassB
9.47,2.53,ClassA
4.99,7.62,ClassB
3.74,9.78,ClassB
5.83,6.12,ClassA
8.52,0.03,ClassB
6.40,8.42,ClassA
1.47,1.52,ClassB
1.12,0.19,ClassA
4.40,6.16,ClassB
8.69,5.60,ClassA
0.83,9.33,ClassA
6.81,7.22,ClassB
9.97,2.44,ClassB
6.66,2.17,ClassA
4.00,1.40,ClassA
9.21,5.72,ClassA
9.44,2.23,ClassA
3.22,1.86,ClassB
2.65,9.58,ClassA
1.55,5.30,ClassB
8.62,2.85,ClassA
8.03,1.35,ClassA
9.91,4.98,ClassA
6.73,0.12,ClassA
5.97,4.39,ClassB
0.64,1.05,ClassB
1.08,1.58,ClassA
9.68,1.78,ClassA
1.84,2.89,ClassA
7.21,0.79,ClassB
4.75,2.38,ClassB
7.95,9.78,ClassB
2.80,0.63,ClassB
9.81,8.08,ClassA
7.68,4.04,ClassB
3.31,7.38,ClassA
4.20,4.84,ClassB
6.87,5.66,ClassA
1.46,5.22,ClassB
8.00,6.52,ClassA
7.56,9.39,ClassB
9.78,9.78,ClassB
8.90,8.23,ClassA
7.77,8.22,ClassA
9.66,0.39,ClassB
3.23,8.93,ClassB
4.66,0.75,ClassA
4.90,5.64,ClassA
1.03,3.52,ClassA
3.16,6.24,ClassA
5.06,9.52,ClassA
3.18,3.04,ClassB
9.28,6.67,ClassA
3.14,4.18,ClassA
8.14,0.88,ClassB
7.93,8.35,ClassB
4.89,9.08,ClassA
6.27,3.71,ClassA
9.11,7.32,ClassA
5.66,3.07,ClassA
7.74,6.20,ClassB
8.57,7.44,ClassA
1.06,7.45,ClassA
4.38,5.61,ClassA
1.29,5.82,ClassB
2.19,7.08,ClassB
3.32,0.35,ClassB
9.19,3.57,ClassA
1.01,5.32,ClassA
1.64,5.24,ClassA
2.98,8.79,ClassA
1.11,1.54,ClassB
5.85,4.85,ClassA
6.80,4.06,ClassA
1.98,9.86,ClassA
7.73,2.61,ClassA
7.23,6.63,ClassA
7.95,1.80,ClassB
5.50,2.63,ClassB
3.03,9.30,ClassB
4.05,4.94,ClassB
5.18,2.54,ClassB
5.39,8.86,ClassA
2.40,8.31,ClassB
2.57,4.77,ClassB
9.01,5.13,ClassA
8.33,4.46,ClassB
7.59,1.18,ClassA
4.83,2.55,ClassA
7.76,9.36,ClassB
6.52,2.01,ClassA
0.45,0.41,ClassA
4.41,1.27,ClassB
7.47,0.09,ClassB
0.88,1.10,ClassB
3.78,7.75,ClassA
4.52,2.86,ClassB
1.25,1.82,ClassA
4.27,6.91,ClassA
1.09,5.97,ClassB
4.26,3.56,ClassA
0.27,7.13,ClassB
6.33,4.21,ClassB
3.88,7.83,ClassB
8.25,8.05,ClassB
9.30,2.61,ClassA
8.89,4.65,ClassA
8.07,1.54,ClassA
3.93,5.61,ClassB
5.33,6.32,ClassA
3.78,9.39,ClassB
8.69,2.31,ClassB
6.12,6.77,ClassA
1.64,5.42,ClassB
3.63,4.07,ClassB
0.56,6.29,ClassA
9.64,2.26,ClassA
7.32,0.20,ClassA
5.80,2.26,ClassB
0.27,9.81,ClassB
6.22,3.69,ClassB
8.67,0.88,ClassB
3.53,2.18,ClassA
1.80,1.39,ClassA
9.98,7.41,ClassA
6.77,3.28,ClassB
2.71,4.44,ClassA
1.17,1.58,ClassA
7.04,0.99,ClassA
0.24,1.97,ClassB
6.89,0.40,ClassA
9.71,0.96,ClassB
5.67,6.70,ClassB
4.40,2.62,ClassB
2.59,8.86,ClassB
6.23,6.21,ClassB
7.45,4.39,ClassB
3.58,3.82,ClassB
6.89,4.43,ClassB
4.73,9.08,ClassB
0.86,8.71,ClassB
9.70,1.63,ClassB
5.39,5.74,ClassB
0.61,2.18,ClassB
3.44,5.03,ClassB
5.61,5.40,ClassB
1.40,4.18,ClassA
8.06,5.27,ClassA
8.52,4.95,ClassA
8.55,8.90,ClassA
2.78,7.83,ClassB
8.15,7.56,ClassA
7.15,4.60,ClassB
8.87,9.39,ClassA
6.61,8.32,ClassA
7.48,8.31,ClassB
4.57,7.97,ClassA
9.82,4.64,ClassB
0.77,6.06,ClassB
4.93,1.79,ClassB
5.17,5.53,ClassA
8.84,2.18,ClassA
6.17,7.41,ClassA
9.32,4.39,ClassA
9.13,8.77,ClassB
4.84,0.21,ClassB
0.51,4.63,ClassB
6.19,3.87,ClassA
0.24,0.11,ClassB
2.48,8.20,ClassB
0.78,8.57,ClassB
1.85,0.76,ClassA
5.95,9.20,ClassB
6.83,0.09,ClassA
3.93,7.67,ClassA
9.06,5.11,ClassB
2.53,1.91,ClassA
4.58,1.08,ClassB
4.74,4.43,ClassA
0.15,0.84,ClassA
5.15,2.80,ClassA
9.53,1.46,ClassB
5.08,8.25,ClassB
9.50,1.93,ClassA
4.38,0.83,ClassA
8.79,9.95,ClassA
5.22,8.73,ClassB
2.42,9.73,ClassA
8.18,7.52,ClassB
5.64,3.89,ClassA
4.51,3.99,ClassB
9.79,6.25,ClassB
5.02,8.43,ClassA
4.56,0.34,ClassA
6.75,1.50,ClassA
5.21,1.91,ClassB
8.26,7.00,ClassB
5.88,0.47,ClassA
4.08,3.11,ClassA
1.51,6.64,ClassB
0.32,3.32,ClassA
0.42,8.15,ClassA
8.53,6.89,ClassB
8.53,4.32,ClassB
3.94,3.05,ClassA
8.90,1.89,ClassA
1.86,8.74,ClassA
0.16,3.19,ClassB
5.64,7.65,ClassA
5.84,9.59,ClassB
4.61,7.82,ClassB
2.20,8.67,ClassA
8.66,0.54,ClassA
0.74,7.35,ClassB
1.98,9.25,ClassB
9.65,3.25,ClassA
9.13,4.51,ClassA
1.57,1.74,ClassA
7.54,2.66,ClassB
1.40,6.66,ClassA
4.10,7.53,ClassB
0.04,9.33,ClassB
2.62,7.49,ClassA
8.64,2.74,ClassB
6.56,2.75,ClassB
8.28,6.46,ClassB
4.11,0.61,ClassA
2.98,0.33,ClassA
0.65,7.89,ClassA
1.79,4.48,ClassA
6.10,1.93,ClassB
6.22,0.26,ClassA
8.47,0.23,ClassB
8.88,4.74,ClassA
8.32,4.26,ClassA
3.85,7.65,ClassB
4.40,0.61,ClassA
7.99,9.66,ClassB
8.70,8.66,ClassA
1.43,6.86,ClassB
4.82,8.90,ClassB
8.35,0.19,ClassA
0.07,9.78,ClassA
9.36,0.62,ClassA
5.94,0.20,ClassB
8.32,0.12,ClassB
4.48,4.01,ClassB
9.55,4.91,ClassA
2.88,5.00,ClassB
8.08,7.58,ClassA
0.07,7.73,ClassA
2.54,8.57,ClassB
2.76,5.23,ClassB
7.74,6.86,ClassA
6.66,3.81,ClassB
8.09,3.47,ClassA
8.88,6.08,ClassB
8.81,7.21,ClassA
1.02,0.06,ClassA
4.83,4.88,ClassB
3.94,7.64,ClassA
0.64,1.25,ClassA
2.36,7.20,ClassB
7.41,5.88,ClassA
5.07,1.66,ClassB
7.19,6.25,ClassB
2.08,1.99,ClassB
4.98,9.07,ClassB
2.77,3.99,ClassB
3.09,8.21,ClassB
1.28,9.40,ClassA
3.66,7.82,ClassB
9.60,8.49,ClassB
6.33,6.02,ClassB
9.15,0.73,ClassB
5.64,9.49,ClassA
0.38,0.88,ClassA
5.85,3.49,ClassA
6.90,0.53,ClassA
6.81,0.28,ClassA
7.99,2.38,ClassB
9.75,7.87,ClassB
6.27,6.57,ClassB
6.36,4.04,ClassA
1.13,0.89,ClassB
0.47,6.60,ClassB
9.27,4.77,ClassA
2.83,2.52,ClassA
1.55,7.98,ClassA
1.66,1.20,ClassB
4.13,6.07,ClassB
7.68,7.53,ClassB
8.61,2.33,ClassA
0.22,8.79,ClassA
1.85,7.14,ClassA
6.90,4.54,ClassB
0.07,4.64,ClassA
3.66,3.81,ClassA
0.34,1.03,ClassB
3.45,4.66,ClassA
9.35,5.41,ClassA
5.51,4.24,ClassA
1.13,3.54,ClassA
3.99,7.23,ClassB
3.26,1.67,ClassA
9.39,9.07,ClassA
2.47,1.72,ClassB
7.40,7.09,ClassA
9.98,0.44,ClassA
0.77,3.73,ClassB
6.77,2.73,ClassA
4.37,1.12,ClassA
8.13,8.53,ClassB
4.26,4.02,ClassA
9.06,7.71,ClassA
5.53,1.23,ClassB
2.64,8.35,ClassA
5.98,1.99,ClassB
1.88,8.22,ClassA
3.83,1.14,ClassA
7.15,6.22,ClassA
6.84,9.78,ClassA
5.77,4.76,ClassB
8.28,1.23,ClassA
2.54,2.52,ClassB
1.31,4.05,ClassB
7.61,1.80,ClassB
2.99,5.84,ClassA
5.32,4.26,ClassA
2.10,8.76,ClassA
3.71,1.85,ClassB
4.66,8.03,ClassA
1.33,1.25,ClassA
7.83,1.09,ClassA
3.85,0.11,ClassA
5.40,4.28,ClassA
2.86,3.77,ClassA
4.26,3.22,ClassB
4.51,8.09,ClassB
6.24,0.92,ClassB
9.63,4.40,ClassB
0.64,3.38,ClassB
8.03,0.05,ClassB
1.60,2.65,ClassB
3.77,0.96,ClassB
9.10,6.18,ClassB
2.32,5.76,ClassB
0.30,2.97,ClassA
2.58,3.92,ClassA
3.13,6.47,ClassB
7.08,9.43,ClassA
5.22,5.80,ClassA
9.86,7.14,ClassA
0.76,8.67,ClassB
5.95,1.64,ClassB
0.18,5.13,ClassB
2.35,7.54,ClassA
3.07,6.64,ClassA
3.53,3.92,ClassA
7.29,5.66,ClassB
4.23,0.75,ClassA
8.63,7.11,ClassB
5.63,6.10,ClassA
5.46,7.09,ClassA
2.86,6.95,ClassB
1.31,3.56,ClassA
5.65,2.72,ClassA
7.36,0.11,ClassA
7.74,4.32,ClassB
3.16,0.55,ClassB
7.55,6.09,ClassB
6.36,4.23,ClassB
2.72,6.78,ClassB
4.00,1.20,ClassA
2.59,0.82,ClassA
3.04,0.25,ClassB
7.35,4.31,ClassB
7.96,0.49,ClassA
6.33,5.84,ClassB
4.55,1.68,ClassB
4.00,8.57,ClassB
7.87,2.66,ClassB
0.48,7.33,ClassA
5.07,4.22,ClassA
5.29,4.79,ClassB
7.26,5.13,ClassA
9.59,6.64,ClassA
7.63,5.84,ClassB
6.43,4.31,ClassB
5.73,1.26,ClassA
1.92,5.93,ClassB
1.54,8.04,ClassA
3.88,6.66,ClassB
3.93,5.77,ClassA
1.70,5.08,ClassA
4.97,3.25,ClassA
8.09,7.81,ClassB
6.71,7.77,ClassB
1.85,5.19,ClassA
2.91,2.07,ClassB
1.76,2.63,ClassA
3.69,5.69,ClassA
3.38,7.51,ClassA
1.26,4.59,ClassA
6.92,8.13,ClassB
1.11,3.42,ClassA
5.16,4.15,ClassB
9.58,2.67,ClassA
3.51,4.58,ClassB
5.01,0.68,ClassA
2.10,7.25,ClassB
7.60,8.94,ClassA
9.20,8.44,ClassB
5.26,9.10,ClassA
7.22,0.64,ClassA
4.92,4.17,ClassB
6.33,4.14,ClassA
2.75,5.84,ClassA
3.84,9.66,ClassB
1.40,9.54,ClassB
4.82,5.65,ClassA
5.48,4.04,ClassB
6.87,8.08,ClassB
9.49,6.03,ClassB
4.51,9.32,ClassA
5.78,5.76,ClassA
0.38,9.88,ClassA
3.49,7.71,ClassB
2.19,0.48,ClassB
3.72,1.01,ClassB
2.57,9.43,ClassB
6.87,3.38,ClassB
4.18,9.78,ClassA
5.46,3.49,ClassA
7.63,7.39,ClassB
4.91,5.97,ClassA
9.33,5.50,ClassA
9.24,1.31,ClassA
6.43,5.54,ClassA
7.28,6.94,ClassB
9.07,1.02,ClassB
1.96,9.08,ClassA
9.75,1.42,ClassA
6.54,4.83,ClassB
1.56,8.72,ClassA
2.42,9.57,ClassA
7.96,8.84,ClassB
3.03,0.15,ClassA
0.24,3.18,ClassB
0.39,0.44,ClassA
0.75,1.55,ClassB
1.54,0.21,ClassA
0.78,3.32,ClassB
6.59,7.59,ClassB
8.49,2.69,ClassA
8.81,6.86,ClassA
1.32,3.47,ClassB
6.94,7.36,ClassB
0.15,8.35,ClassA
4.67,0.05,ClassA
5.46,0.35,ClassA
3.73,6.69,ClassA
0.36,0.81,ClassA
0.49,3.05,ClassB
4.07,2.09,ClassB
8.16,4.70,ClassB
1.84,9.63,ClassA
2.31,9.25,ClassB
5.76,9.63,ClassA
7.84,0.01,ClassA
9.61,1.06,ClassB
8.65,9.82,ClassB
7.99,0.71,ClassA
3.04,2.12,ClassB
5.70,9.09,ClassA
4.34,1.97,ClassB
3.08,5.77,ClassB
7.47,9.84,ClassA
9.52,3.14,ClassB
6.57,2.89,ClassB
1.76,8.95,ClassA
8.46,5.76,ClassB
9.98,5.73,ClassB
1.97,8.74,ClassA
9.15,0.49,ClassA
5.74,9.86,ClassA
2.92,9.60,ClassB
8.05,5.96,ClassA
3.75,9.04,ClassA
3.42,2.06,ClassA
8.14,3.81,ClassB
5.75,3.98,ClassB
5.37,9.80,ClassB
1.20,9.29,ClassA
5.02,5.82,ClassA
7.28,1.25,ClassA
3.47,1.01,ClassB
6.36,4.91,ClassA
8.23,5.68,ClassB
4.44,6.21,ClassA
9.39,4.08,ClassB
8.33,3.68,ClassA
5.18,5.20,ClassA
1.52,0.88,ClassA
6.13,0.89,ClassA
2.81,5.13,ClassB
3.96,1.80,ClassB
8.61,9.30,ClassB
2.28,2.60,ClassB
9.48,7.08,ClassB
5.07,2.20,ClassA
7.42,6.77,ClassA
7.46,2.57,ClassB
7.76,5.67,ClassB
6.81,5.18,ClassB
2.09,8.05,ClassB
6.44,8.85,ClassB
3.61,1.77,ClassA
3.21,7.62,ClassA
3.63,5.30,ClassA
7.07,9.23,ClassA
8.10,6.60,ClassB
5.16,0.47,ClassB
1.01,5.42,ClassB
1.64,2.12,ClassB
8.38,4.39,ClassA
0.43,7.25,ClassB
5.19,4.98,ClassB
4.14,4.46,ClassB
5.83,1.63,ClassA
2.11,1.25,ClassA
2.70,2.04,ClassA
3.60,1.49,ClassB
3.70,1.87,ClassA
9.08,7.33,ClassB
0.40,2.17,ClassB
0.97,3.92,ClassA
1.82,1.66,ClassB
6.21,2.56,ClassA
5.96,0.61,ClassB
7.66,2.70,ClassB
4.32,6.75,ClassA
8.84,7.79,ClassA
6.93,0.02,ClassA
6.15,8.14,ClassB
3.15,1.61,ClassB
0.32,0.01,ClassA
0.20,9.18,ClassA
7.73,5.25,ClassA
8.66,8.69,ClassA
5.96,7.24,ClassB
1.89,0.69,ClassB
1.38,3.66,ClassB
4.67,3.74,ClassA
2.22,0.69,ClassB
3.39,7.68,ClassB
9.34,6.45,ClassA
8.60,8.65,ClassA
8.43,1.58,ClassA
0.03,9.08,ClassB
2.88,4.64,ClassB
6.53,4.52,ClassA
7.07,5.94,ClassB
7.68,1.27,ClassA
4.09,1.92,ClassB
2.76,2.28,ClassB
9.13,1.80,ClassB
5.44,9.48,ClassB
1.14,9.96,ClassA
5.10,2.14,ClassA
5.94,0.86,ClassA
7.09,2.72,ClassB
1.68,7.16,ClassB
1.59,2.00,ClassB
0.47,5.37,ClassA
4.33,2.81,ClassA
0.45,0.69,ClassA
4.17,8.79,ClassA
6.74,0.57,ClassB
3.96,3.36,ClassA
5.24,2.98,ClassB
8.19,0.63,ClassA
8.86,9.42,ClassA
1.13,3.24,ClassB
3.02,1.80,ClassB
6.96,5.09,ClassB
3.49,8.93,ClassB
9.27,8.95,ClassB
4.99,8.35,ClassA
3.02,4.96,ClassB
4.85,3.86,ClassB
5.26,7.62,ClassA
0.61,7.27,ClassA
7.12,3.80,ClassA
7.79,0.99,ClassB
7.36,2.21,ClassB
5.28,8.23,ClassB
4.18,4.70,ClassA
4.86,6.71,ClassA
3.87,0.23,ClassA
0.90,2.37,ClassB
8.53,6.98,ClassB
1.50,6.86,ClassA
7.49,8.48,ClassB
0.23,0.09,ClassA
7.40,0.68,ClassB
3.87,4.47,ClassA
4.02,8.15,ClassA
4.52,7.96,ClassB
9.76,3.08,ClassA
2.99,0.96,ClassB
2.63,5.06,ClassB
3.78,2.51,ClassB
1.52,6.24,ClassA
3.94,5.51,ClassB
8.75,9.90,ClassB
3.30,1.59,ClassB
8.59,0.74,ClassA
0.64,7.50,ClassA
1.36,7.03,ClassB
0.63,1.33,ClassB
5.82,7.50,ClassA
2.49,5.00,ClassA
2.97,0.65,ClassA
9.95,7.24,ClassB
6.15,1.83,ClassB
5.59,9.96,ClassB
9.83,4.85,ClassA
5.91,3.56,ClassA
5.22,1.37,ClassB
5.53,6.22,ClassA
9.02,2.94,ClassA
4.45,0.78,ClassB
8.07,9.12,ClassA
3.05,9.91,ClassB
8.88,9.47,ClassB
2.59,7.38,ClassA
8.28,4.86,ClassB
5.71,4.05,ClassB
6.59,0.74,ClassB
2.83,1.19,ClassB
2.11,3.48,ClassA
5.51,8.14,ClassB
6.29,1.03,ClassA
7.81,6.93,ClassB
0.56,5.67,ClassB
1.75,3.31,ClassB
8.38,8.15,ClassA
9.67,8.20,ClassB
7.96,0.93,ClassB
3.75,9.01,ClassB
4.86,6.21,ClassB
0.97,4.14,ClassA
2.90,1.93,ClassB
6.30,6.34,ClassB
1.20,1.26,ClassB
6.55,5.74,ClassA
4.81,2.81,ClassB
1.64,7.42,ClassB
5.21,7.28,ClassA
8.96,5.84,ClassA
0.19,8.47,ClassB
1.64,1.61,ClassB
1.87,3.33,ClassA
5.16,6.83,ClassA
6.81,0.94,ClassA
8.56,6.29,ClassB
6.23,3.33,ClassA
6.94,3.82,ClassB
0.93,7.84,ClassB
8.45,7.64,ClassA
8.69,8.56,ClassA
5.19,9.86,ClassA
4.61,5.37,ClassB
9.13,1.55,ClassB
7.02,0.25,ClassA
5.42,6.86,ClassA
2.44,7.12,ClassA
1.31,4.26,ClassA
2.09,9.70,ClassA
4.22,8.06,ClassA
3.67,4.49,ClassB
3.54,0.69,ClassB
1.69,1.43,ClassA
8.45,8.86,ClassB
9.07,5.60,ClassB
5.57,6.66,ClassA
2.57,8.03,ClassB
8.94,3.88,ClassB
6.27,5.72,ClassA
2.91,0.71,ClassA
2.24,5.52,ClassB
0.81,4.41,ClassA
3.63,4.05,ClassA
4.59,5.87,ClassB
0.10,1.95,ClassB
4.65,7.69,ClassB
4.87,0.57,ClassB
3.61,1.19,ClassB
5.50,1.01,ClassA
6.36,3.47,ClassB
3.00,3.77,ClassB
2.92,3.43,ClassB
6.62,2.33,ClassA
2.82,5.37,ClassB
8.84,9.32,ClassB
1.27,8.17,ClassB
6.89,9.96,ClassA
3.91,9.94,ClassA
9.46,2.25,ClassA
0.87,6.78,ClassB
2.59,8.40,ClassA
4.65,3.01,ClassB
5.20,9.30,ClassB
0.12,5.32,ClassA
7.91,4.66,ClassB
1.45,4.87,ClassB
8.63,2.74,ClassA
8.14,6.60,ClassB
9.18,7.81,ClassA
2.12,7.66,ClassB
6.67,5.36,ClassB
5.77,9.65,ClassA
4.06,1.85,ClassA
4.61,3.69,ClassA
3.27,7.13,ClassA
9.79,6.99,ClassA
9.76,8.51,ClassA
6.79,2.16,ClassB
7.20,2.71,ClassB
0.28,10.00,ClassA
7.00,8.54,ClassB
0.32,8.39,ClassA
9.87,4.78,ClassA
5.49,4.24,ClassB
8.76,7.91,ClassB
0.58,8.60,ClassB
5.74,0.62,ClassA
6.27,8.12,ClassB
7.92,2.58,ClassA
2.25,9.97,ClassA
1.29,5.30,ClassA
4.49,0.69,ClassA
0.53,7.14,ClassA
2.51,9.70,ClassA
3.98,9.65,ClassA
3.15,4.05,ClassB
9.34,8.53,ClassB
0.34,3.60,ClassA
4.57,9.77,ClassA
1.78,5.43,ClassB
8.73,3.87,ClassB
9.72,9.44,ClassB
2.68,6.55,ClassA
2.34,9.27,ClassA
8.55,6.66,ClassB
2.98,8.93,ClassA
7.65,3.19,ClassA
8.00,4.85,ClassA
4.41,7.74,ClassB
1.55,4.56,ClassA
4.19,8.76,ClassA
9.91,3.79,ClassA
9.47,8.67,ClassB
6.69,0.69,ClassA
2.38,0.65,ClassB
4.83,2.35,ClassA
1.78,6.46,ClassA
0.35,6.54,ClassB
5.84,4.50,ClassA
4.91,5.81,ClassB
9.00,8.65,ClassA
5.23,0.53,ClassA
4.29,1.13,ClassA
9.51,7.87,ClassA
1.77,8.96,ClassA
3.90,9.20,ClassA
9.81,5.44,ClassA
8.47,5.89,ClassB
0.31,2.09,ClassB
6.68,9.11,ClassA
1.12,5.60,ClassB
7.55,5.16,ClassB
7.07,4.35,ClassA
9.77,0.86,ClassA
0.63,6.57,ClassB
4.43,0.55,ClassB
8.01,8.73,ClassB
4.91,9.00,ClassB
3.47,0.85,ClassB
0.09,6.77,ClassA
6.79,1.88,ClassA
3.72,1.29,ClassB
0.12,1.44,ClassB
4.80,4.12,ClassA
9.78,7.16,ClassB
9.29,2.88,ClassB
0.52,6.00,ClassA
3.22,4.23,ClassB
5.62,7.47,ClassA
0.51,2.75,ClassB
3.58,1.89,ClassB
4.20,1.53,ClassA
4.63,0.71,ClassB
4.40,8.21,ClassA
3.14,6.89,ClassB
9.73,3.91,ClassB
9.76,7.19,ClassA
7.56,1.70,ClassA
7.66,8.40,ClassA
6.17,9.00,ClassB
0.56,3.95,ClassB
0.31,9.47,ClassB
4.81,2.01,ClassB
0.32,7.15,ClassA
1.91,6.19,ClassA
9.20,2.19,ClassA
2.31,0.68,ClassA
0.35,4.18,ClassA
3.30,8.98,ClassA
1.98,1.34,ClassB
7.74,4.94,ClassB
10.00,6.65,ClassB
8.12,4.76,ClassB
1.61,5.03,ClassA
4.51,8.73,ClassB
3.85,2.07,ClassA
3.31,8.87,ClassA
5.86,1.59,ClassB
8.13,0.07,ClassA
7.40,0.11,ClassB
2.27,9.67,ClassA
6.56,6.83,ClassA
0.81,1.03,ClassA
2.22,8.61,ClassA
0.62,3.25,ClassB
0.75,0.41,ClassA
9.73,2.62,ClassB
9.47,6.01,ClassB
7.90,9.70,ClassB
5.25,1.54,ClassB
9.74,0.15,ClassA
5.09,8.75,ClassB
5.35,7.50,ClassA
9.59,4.00,ClassB
9.08,8.99,ClassB
1.27,5.95,ClassB
2.91,9.21,ClassB
1.86,3.11,ClassA
2.34,5.84,ClassA
9.23,2.30,ClassB
7.34,2.73,ClassB
8.74,3.83,ClassA
9.55,0.76,ClassB
1.08,2.77,ClassB
9.84,2.50,ClassB
0.48,1.73,ClassB
1.26,2.36,ClassA
7.23,6.51,ClassB
9.98,8.46,ClassA
1.65,9.52,ClassB
3.57,3.97,ClassA
4.07,3.52,ClassA
3.35,4.77,ClassA
7.94,7.79,ClassA
4.26,9.58,ClassB
3.33,1.01,ClassA
1.74,3.47,ClassA
4.14,2.69,ClassB
4.13,5.54,ClassA
3.50,1.96,ClassB
6.97,2.29,ClassB
9.64,7.36,ClassB
8.02,7.19,ClassA
8.76,7.44,ClassB
3.68,3.43,ClassA
9.47,1.31,ClassB
7.23,0.22,ClassA
7.52,5.69,ClassB
2.97,5.74,ClassB
5.25,0.01,ClassA
2.10,7.60,ClassA
8.13,3.30,ClassB
3.08,5.44,ClassA
2.46,8.88,ClassB
6.67,4.72,ClassB
0.83,9.26,ClassA
2.92,5.78,ClassA
5.99,5.23,ClassB
0.72,5.60,ClassB
4.90,6.68,ClassB
0.99,0.96,ClassB
3.45,0.81,ClassA
1.36,0.54,ClassA
4.87,5.63,ClassA
1.46,9.04,ClassA
5.85,6.45,ClassB
2.23,2.47,ClassB
8.46,6.52,ClassA
6.21,8.22,ClassB
4.53,0.75,ClassB
2.96,3.19,ClassB
7.66,5.26,ClassA
2.61,6.11,ClassA
4.49,2.45,ClassA
2.05,7.85,ClassA
7.83,0.97,ClassA
9.73,4.49,ClassB
2.74,3.16,ClassA
8.98,3.51,ClassB
3.82,3.69,ClassA
5.91,0.49,ClassB
0.85,4.60,ClassA
5.35,5.14,ClassA
6.87,4.57,ClassB
0.88,6.86,ClassB
7.07,4.50,ClassB
1.81,6.19,ClassB
8.76,6.10,ClassA
9.75,8.77,ClassA
2.45,4.58,ClassA
9.54,5.48,ClassA
4.07,3.94,ClassB
1.12,6.95,ClassA
9.11,4.67,ClassB
9.77,1.68,ClassB
6.01,9.50,ClassB
0.33,7.78,ClassB
7.33,1.65,ClassB
5.31,0.42,ClassA
5.60,0.37,ClassA
2.15,1.71,ClassA
9.91,1.89,ClassA
9.88,0.32,ClassA
5.43,1.38,ClassB
7.78,4.28,ClassA
2.25,0.30,ClassB
7.11,6.05,ClassB
3.91,7.04,ClassB
2.43,7.44,ClassB
9.16,9.12,ClassA
5.43,1.34,ClassA
1.28,6.59,ClassA
5.34,5.79,ClassB
3.10,9.10,ClassB
0.36,9.49,ClassB
5.50,8.27,ClassA
0.22,8.75,ClassB
6.37,7.48,ClassA
3.59,5.70,ClassB
2.82,2.89,ClassB
3.51,9.55,ClassA
0.98,9.07,ClassA
3.38,4.49,ClassA
0.72,7.92,ClassB
1.86,7.50,ClassB
7.66,2.35,ClassB
9.44,8.30,ClassB
7.39,9.23,ClassA
